user,CV_IPR,CV_FRR,CV_GT,CV_IT
1227981,0.17721518987341772,0.5,2,79
1227981,0.16455696202531644,0.5,2,79
1227981,0.17721518987341772,0.0,2,79
